Curios,Curios
Binoculars and Photographic Equipment,Binoculars and Photographic Equipment
Camping Equipment or Trailer Tents,Camping Equipment or Trailer Tents
Clocks,Clocks
Collections,Collections
Furs,Furs
Hearing Aids or Portable Medical Machines,Hearing Aids or Portable Medical Machines
Jewellery/Watches/Items of Precious Metals,Jewellery/Watches/Items of Precious Metals
Musical Instruments,Musical Instruments
Personal Effects (Including clothing),Personal Effects (Including clothing)
Portable Electronic Equipment (Including mobile phones)
Sports Equipment,Sports Equipment
TV/Audio/DVD and Video Equipment,TV/Audio/DVD and Video Equipment
Works of Art,Works of Art
Items In The Bank,Items In The Bank